Id,IsDeleted,Name,CreatedDate,CreatedById,LastModifiedDate,LastModifiedById,SystemModstamp,LastViewedDate,LastReferencedDate,FlowRecordId,VersionNumber,ActivatedById,ActivatedDate,ProgressStatus
10vdM0000016MN3QAM,False,Orchestration flow for Recurrence Scheduler,1720590741000,005dM000004WWvKQAW,1720590741000,005dM000004WWvKQAW,1720590741000,1726461793000,1726461793000,2aFdM000000qXUXUA2,1,,,InProgress
10vdM0000016MN4QAM,False,Reset Password,1720590741000,005dM000004WWvKQAW,1720590741000,005dM000004WWvKQAW,1720590741000,1726461793000,1726461793000,2aFdM000000qXUYUA2,1,,,InProgress
10vdM0000016MN5QAM,False,CMS: Submit Content for Review,1720590741000,005dM000004WWvKQAW,1720590741000,005dM000004WWvKQAW,1720590741000,1726461793000,1726461793000,2aFdM000000qXUZUA2,1,,,InProgress
10vdM0000016MN6QAM,False,Close Change Request & Related Issues,1720590741000,005dM000004WWvKQAW,1720590741000,005dM000004WWvKQAW,1720590741000,1726461793000,1726461793000,2aFdM000000qXUaUAM,1,,,Draft
10vdM0000016MN7QAM,False,Return Item Flow,1720590741000,005dM000004WWvKQAW,1720590741000,005dM000004WWvKQAW,1720590741000,1726461793000,1726461793000,2aFdM000000qXUbUAM,1,,,Draft
10vdM0000016MN8QAM,False,Create Order Summary Flow,1720590741000,005dM000004WWvKQAW,1720590741000,005dM000004WWvKQAW,1720590741000,1726461793000,1726461793000,2aFdM000000qXUcUAM,1,,,Draft
10vdM0000016MN9QAM,False,CMS: Withdraw Review Request,1720590741000,005dM000004WWvKQAW,1720590741000,005dM000004WWvKQAW,1720590741000,1726461793000,1726461793000,2aFdM000000qXUdUAM,1,,,InProgress
10vdM0000016MNAQA2,False,CMS: Review Content,1720590741000,005dM000004WWvKQAW,1720590741000,005dM000004WWvKQAW,1720590741000,1726461793000,1726461793000,2aFdM000000qXUeUAM,1,,,InProgress
10vdM0000016MNBQA2,False,Create a Case,1720590742000,005dM000004WWvKQAW,1720590742000,005dM000004WWvKQAW,1720590742000,1726461793000,1726461793000,2aFdM000000qXUfUAM,1,,,InProgress
10vdM0000016MNCQA2,False,CMS: Notify Content Author,1720590742000,005dM000004WWvKQAW,1720590742000,005dM000004WWvKQAW,1720590742000,1726461793000,1726461793000,2aFdM000000qXUgUAM,1,,,InProgress
10vdM0000016MNDQA2,False,Generate Payment Link,1720590742000,005dM000004WWvKQAW,1720590742000,005dM000004WWvKQAW,1720590742000,1726461793000,1726461793000,2aFdM000000qXUhUAM,1,,,InProgress
10vdM0000016MNEQA2,False,Recurrence Schedule Flow,1720590742000,005dM000004WWvKQAW,1720590742000,005dM000004WWvKQAW,1720590742000,1726461793000,1726461793000,2aFdM000000qXUiUAM,1,,,InProgress
10vdM0000016MNFQA2,False,Basic Approval Request,1720590742000,005dM000004WWvKQAW,1720590742000,005dM000004WWvKQAW,1720590742000,1726461793000,1726461793000,2aFdM000000qXUjUAM,1,,,InProgress
10vdM0000016MNGQA2,False,Change Case Owner to Incident Owner,1720590742000,005dM000004WWvKQAW,1720590742000,005dM000004WWvKQAW,1720590742000,1726461793000,1726461793000,2aFdM000000qXUkUAM,1,,,Draft
10vdM0000016MNHQA2,False,Verify Identity,1720590742000,005dM000004WWvKQAW,1720590742000,005dM000004WWvKQAW,1720590742000,1726461793000,1726461793000,2aFdM000000qXUlUAM,1,,,InProgress
10vdM0000016MNIQA2,False,Create Process Exception Flow,1720590742000,005dM000004WWvKQAW,1720590742000,005dM000004WWvKQAW,1720590742000,1726461793000,1726461793000,2aFdM000000qXUmUAM,1,,,Draft
10vdM0000016MNJQA2,False,Cancel Item Flow,1720590742000,005dM000004WWvKQAW,1720590742000,005dM000004WWvKQAW,1720590742000,1726461793000,1726461793000,2aFdM000000qXUnUAM,1,,,Draft
10vdM0000016MNKQA2,False,Find Contact Associated with Messaging Session,1720590742000,005dM000004WWvKQAW,1720590742000,005dM000004WWvKQAW,1720590742000,1726461793000,1726461793000,2aFdM000000qXUoUAM,1,,,InProgress
10vdM0000016MNLQA2,False,CMS: Check Whether Any Step is Completed,1720590742000,005dM000004WWvKQAW,1720590742000,005dM000004WWvKQAW,1720590742000,1726461793000,1726461793000,2aFdM000000qXUpUAM,1,,,InProgress
10vdM0000016QNRQA2,False,Create_property,1720591805000,005dM000004WE3FQAW,1720591814000,005dM000004WE3FQAW,1720591814000,1726461793000,1726461793000,2aFdM000000qaqbUAA,1,005dM000004WE3FQAW,1720591813000.0,InProgress
10vdM000001ezOUQAY,False,Update_Status,1721718361000,005dM000004WE3FQAW,1721718368000,005dM000004WE3FQAW,1721718368000,1726461793000,1726461793000,2aFdM000001IXKPUA4,1,005dM000004WE3FQAW,1721718368000.0,InProgress
10vdM0000024nc5QAA,False,Variables,1722839019000,005dM000004WE3FQAW,1722839019000,005dM000004WE3FQAW,1722839019000,1726461793000,1726461793000,2aFdM000001ata5UAA,1,,,Draft
