Id,MetricsDate,UserId,PageName,SystemModstamp,RecordCountEPT,TotalCount,SumEPT,EptBinUnder3,EptBin3To5,EptBin5To8,EptBin8To10,EptBinOver10,CoresBinUnder2,CoresBin2To4,CoresBin4To8,CoresBinOver8,DownlinkBinUnder3,DownlinkBin3To5,DownlinkBin5To8,DownlinkBin8To10,DownlinkBinOver10,RttBinUnder50,RttBin50To150,RttBinOver150
0U5dM000000DvFhSAK,2024-07-10,005dM000004WE3FQAW,objectManager:objectList,1720671038000,11,11,10442,11,0,0,0,0,0,0,11,0,0,0,2,9,0,9,2,0
0U5dM000000Dx3eSAC,2024-07-10,005dM000004WE3FQAW,Settings app_flexipage:lwcAppFlexipageWrapper,1720671038000,1,1,778,1,0,0,0,0,0,0,1,0,0,1,0,0,0,0,1,0
0U5dM000000Dx3sSAC,2024-07-10,005dM000004WE3FQAW,Contact sfa:inspectionDesktopObjectHome,1720671038000,0,3,0,0,0,0,0,0,0,0,3,0,0,1,1,1,0,1,2,0
0U5dM000000DyqiSAC,2024-07-10,005dM000004WE3FQAW,Opportunity Record List,1720671038000,1,1,1062,1,0,0,0,0,0,0,1,0,0,0,0,1,0,1,0,0
0U5dM000000E130SAC,2024-07-10,005dM000004WE3FQAW,trlhdtips__Install_a_Package Custom Lightning Component,1720671038000,1,1,648,1,0,0,0,0,0,0,1,0,0,0,0,1,0,0,1,0
0U5dM000000E2VeSAK,2024-07-10,005dM000004WE3FQAW,Contact runtime_pipeline_inspector:pipelineInspectorHome,1720671038000,0,6,0,0,0,0,0,0,0,0,6,0,0,2,2,2,0,2,4,0
0U5dM000000E2v7SAC,2024-07-10,005dM000004WE3FQAW,objectManager:objectDetailPage,1720671038000,39,40,50663,39,0,0,0,0,0,0,40,0,0,0,12,28,0,32,8,0
0U5dM000000E3xDSAS,2024-07-10,005dM000004WE3FQAW,onesetup:baseHomePage,1720671038000,11,12,14315,11,0,0,0,0,0,0,12,0,0,2,6,4,0,10,2,0
0U5dM000000E4o2SAC,2024-07-10,005dM000004WE3FQAW,support:incidentMgmt,1720671038000,1,1,515,1,0,0,0,0,0,0,1,0,0,0,0,1,0,0,1,0
0U5dM000000E6CLSA0,2024-07-10,005dM000004WE3FQAW,Properti__c one:recordActionWrapper,1720671038000,4,4,7754,2,2,0,0,0,0,0,4,0,0,0,0,4,0,4,0,0
0U5dM000000E6b6SAC,2024-07-10,005dM000004WE3FQAW,Opportunity runtime_platform_actions:quickActionWrapper,1720671038000,2,2,2337,2,0,0,0,0,0,0,2,0,0,0,0,2,0,2,0,0
0U5dM000000E8JdSAK,2024-07-10,005dM000004WE3FQAW,Properti__c Record,1720671038000,4,10,3891,4,0,0,0,0,0,0,10,0,0,0,0,10,0,10,0,0
0U5dM000000E8Y7SAK,2024-07-10,005dM000004WE3FQAW,Home,1720671038000,9,15,17603,8,1,0,0,0,0,0,15,0,0,2,3,10,0,10,5,0
0U5dM000000E9EPSA0,2024-07-10,005dM000004WE3FQAW,trlhdtips__Welcome Custom Lightning Component,1720671038000,4,4,3612,4,0,0,0,0,0,0,4,0,1,0,1,2,0,2,2,0
0U5dM000000E9fASAS,2024-07-10,005dM000004WE3FQAW,onesetup:setupAlohaPage,1720671038000,8,10,13495,8,0,0,0,0,0,0,10,0,0,3,2,5,0,9,1,0
0U5dM000000E9raSAC,2024-07-10,005dM000004WE3FQAW,Properti__c Record List,1720671038000,5,6,4373,5,0,0,0,0,0,0,6,0,0,0,0,6,0,6,0,0
0U5dM000000EAsMSAW,2024-07-10,005dM000004WE3FQAW,Contact Record,1720671038000,2,2,5140,2,0,0,0,0,0,0,2,0,0,0,1,1,0,1,1,0
0U5dM000000EBGxSAO,2024-07-10,005dM000004WE3FQAW,Contact runtime_platform_actions:quickActionWrapper,1720671038000,1,2,1281,1,0,0,0,0,0,0,2,0,0,0,0,2,0,2,0,0
0U5dM000000EBolSAG,2024-07-10,005dM000004WE3FQAW,Opportunity sfa:inspectionDesktopObjectHome,1720671038000,0,1,0,0,0,0,0,0,0,0,1,0,0,0,0,1,0,1,0,0
0U5dM000000EC9QSAW,2024-07-10,005dM000004WE3FQAW,objectManager:setupAlohaPage,1720671038000,4,5,5111,4,0,0,0,0,0,0,5,0,0,0,0,5,0,5,0,0
0U5dM000000ECVISA4,2024-07-11,005dM000004WE3FQAW,Energy_Audit__c objectManager:lookupRedirect,1720759615000,0,1,0,0,0,0,0,0,0,0,1,0,0,0,1,0,0,0,1,0
0U5dM000000ECu0SAG,2024-07-11,005dM000004WE3FQAW,Account Record List,1720759615000,5,11,5862,5,0,0,0,0,0,0,11,0,0,0,1,10,0,10,1,0
0U5dM000000ED93SAG,2024-07-11,005dM000004WE3FQAW,onesetup:setupAlohaPage,1720759615000,5,7,8166,5,0,0,0,0,0,0,7,0,1,0,0,6,0,1,6,0
0U5dM000000EEN0SAO,2024-07-11,005dM000004WE3FQAW,Energy_Audit__c Record List,1720759615000,4,5,5187,4,0,0,0,0,0,0,5,0,0,0,1,4,0,3,2,0
0U5dM000000EENGSA4,2024-07-11,005dM000004WE3FQAW,Contact Record,1720759615000,2,5,3176,2,0,0,0,0,0,0,5,0,0,1,1,3,0,5,0,0
0U5dM000000EEp6SAG,2024-07-11,005dM000004WE3FQAW,ContentDocument Files,1720759615000,0,1,0,0,0,0,0,0,0,0,1,0,0,0,0,1,0,1,0,0
0U5dM000000EFTlSAO,2024-07-11,005dM000004WE3FQAW,Opportunity sfa:inspectionDesktopObjectHome,1720759615000,0,1,0,0,0,0,0,0,0,0,1,0,0,0,0,1,0,1,0,0
0U5dM000000EFreSAG,2024-07-11,005dM000004WE3FQAW,objectManager:setupAlohaPage,1720759615000,0,1,0,0,0,0,0,0,0,0,1,0,1,0,0,0,0,0,1,0
0U5dM000000EG4dSAG,2024-07-11,005dM000004WE3FQAW,setupnav:appManager,1720759615000,1,1,3205,0,1,0,0,0,0,0,1,0,0,0,0,1,0,1,0,0
0U5dM000000EIOXSA4,2024-07-11,005dM000004WE3FQAW,Energy_Audit__c one:recordActionWrapper,1720759615000,2,5,5117,1,1,0,0,0,0,0,5,0,0,0,0,5,0,5,0,0
0U5dM000000EIsSSAW,2024-07-11,005dM000004WE3FQAW,Home,1720759615000,3,11,4727,3,0,0,0,0,0,0,11,0,0,0,0,11,0,10,1,0
0U5dM000000EJFiSAO,2024-07-11,005dM000004WE3FQAW,Opportunity one:recordActionWrapper,1720759615000,1,1,4885,0,1,0,0,0,0,0,1,0,0,0,0,1,0,1,0,0
0U5dM000000EJuzSAG,2024-07-11,005dM000004WE3FQAW,Contact one:recordActionWrapper,1720759615000,1,1,1193,1,0,0,0,0,0,0,1,0,0,0,0,1,0,1,0,0
0U5dM000000EJxLSAW,2024-07-11,005dM000004WE3FQAW,Account sfa:inspectionDesktopObjectHome,1720759615000,0,7,0,0,0,0,0,0,0,0,7,0,0,0,1,6,0,6,1,0
0U5dM000000EJxzSAG,2024-07-11,005dM000004WE3FQAW,Opportunity Record List,1720759615000,1,5,1694,1,0,0,0,0,0,0,5,0,0,0,0,5,0,5,0,0
0U5dM000000EL0XSAW,2024-07-11,005dM000004WE3FQAW,Energy_Audit__c Record,1720759615000,6,11,9386,5,1,0,0,0,0,0,11,0,0,0,2,9,0,7,4,0
0U5dM000000EL3WSAW,2024-07-11,005dM000004WE3FQAW,objectManager:objectList,1720759615000,7,12,8133,7,0,0,0,0,0,0,12,0,1,2,0,9,0,10,2,0
0U5dM000000EL9WSAW,2024-07-11,005dM000004WE3FQAW,Energy_Audits__r Related Lists,1720759615000,2,3,1411,2,0,0,0,0,0,0,3,0,0,0,0,3,0,3,0,0
0U5dM000000EMmzSAG,2024-07-11,005dM000004WE3FQAW,Contact sfa:inspectionDesktopObjectHome,1720759615000,0,3,0,0,0,0,0,0,0,0,3,0,0,1,0,2,0,3,0,0
0U5dM000000EOPrSAO,2024-07-11,005dM000004WE3FQAW,Account Record,1720759615000,3,9,6187,3,0,0,0,0,0,0,9,0,0,0,0,9,0,9,0,0
0U5dM000000EQeuSAG,2024-07-11,005dM000004WE3FQAW,Contact runtime_pipeline_inspector:pipelineInspectorHome,1720759615000,0,6,0,0,0,0,0,0,0,0,6,0,0,2,0,4,0,6,0,0
0U5dM000000ER39SAG,2024-07-11,005dM000004WE3FQAW,objectManager:objectDetailPage,1720759615000,61,74,89262,58,3,0,0,0,0,0,74,0,3,1,13,57,0,55,19,0
0U5dM000000ES5MSAW,2024-07-11,005dM000004WE3FQAW,onesetup:baseHomePage,1720759615000,7,13,10095,7,0,0,0,0,0,0,13,0,1,0,0,12,0,9,4,0
0U5dM000000ES79SAG,2024-07-11,005dM000004WE3FQAW,objectManager:lookupRedirect,1720759615000,0,1,0,0,0,0,0,0,0,0,1,0,0,0,1,0,0,0,1,0
0U5dM000000EVCUSA4,2024-07-12,005dM000004WE3FQAW,Contact runtime_pipeline_inspector:pipelineInspectorHome,1720845079000,0,2,0,0,0,0,0,0,0,0,2,0,0,0,0,2,0,2,0,0
0U5dM000000EVlfSAG,2024-07-12,005dM000004WE3FQAW,trlhdtips__Install_a_Package Custom Lightning Component,1720845079000,1,1,594,1,0,0,0,0,0,0,1,0,1,0,0,0,0,0,1,0
0U5dM000000EXNnSAO,2024-07-12,005dM000004WE3FQAW,Contact sfa:inspectionDesktopObjectHome,1720845079000,0,1,0,0,0,0,0,0,0,0,1,0,0,0,0,1,0,1,0,0
0U5dM000000EYcHSAW,2024-07-12,005dM000004WE3FQAW,objectManager:objectDetailPage,1720845079000,13,16,34414,11,1,0,1,0,0,0,16,0,0,0,3,13,0,16,0,0
0U5dM000000EYgSSAW,2024-07-12,005dM000004WE3FQAW,onesetup:baseHomePage,1720845079000,2,5,1829,2,0,0,0,0,0,0,5,0,0,0,2,3,0,3,2,0
0U5dM000000EZCPSA4,2024-07-12,005dM000004WE3FQAW,objectManager:objectList,1720845079000,2,2,2513,2,0,0,0,0,0,0,2,0,0,0,0,2,0,2,0,0
0U5dM000000EZvlSAG,2024-07-12,005dM000004WE3FQAW,runtime_iag_core:declarativePromptSetup,1720845079000,1,2,1851,1,0,0,0,0,0,0,2,0,0,0,2,0,0,0,2,0
0U5dM000000Ec1eSAC,2024-07-12,005dM000004WE3FQAW,Home,1720845079000,0,6,0,0,0,0,0,0,0,0,6,0,2,0,4,0,0,0,6,0
0U5dM000000Ed2HSAS,2024-07-12,005dM000004WE3FQAW,onesetup:setupAlohaPage,1720845079000,8,10,8771,8,0,0,0,0,0,0,10,0,0,0,3,7,0,7,3,0
0U5dM000000EdkpSAC,2024-07-12,005dM000004WE3FQAW,trlhdtips__Welcome Custom Lightning Component,1720845079000,0,1,0,0,0,0,0,0,0,0,1,0,0,0,1,0,0,0,1,0
0U5dM000000EdnESAS,2024-07-12,005dM000004WE3FQAW,objectManager:setupAlohaPage,1720845079000,2,2,2027,2,0,0,0,0,0,0,2,0,0,0,0,2,0,2,0,0
0U5dM000000EeakSAC,2024-07-12,005dM000004WE3FQAW,Contact Record,1720845079000,1,1,3234,0,1,0,0,0,0,0,1,0,0,0,0,1,0,1,0,0
0U5dM000000EoXiSAK,2024-07-15,005dM000004WE3FQAW,LearningItem one:learningHomeTab,1721104867000,0,1,0,0,0,0,0,0,0,0,1,0,1,0,0,0,0,0,1,0
0U5dM000000EovhSAC,2024-07-15,005dM000004WE3FQAW,Report Builder,1721104867000,8,11,26719,5,2,1,0,0,0,0,11,0,9,1,1,0,0,0,0,11
0U5dM000000EpKDSA0,2024-07-15,005dM000004WE3FQAW,Home,1721104867000,0,3,0,0,0,0,0,0,0,0,3,0,3,0,0,0,0,0,2,1
0U5dM000000Eq67SAC,2024-07-15,005dM000004WE3FQAW,Dashboard,1721104867000,2,3,1724,2,0,0,0,0,0,0,3,0,2,0,1,0,0,0,0,3
0U5dM000000EskxSAC,2024-07-15,005dM000004WE3FQAW,Dashboards,1721104867000,3,3,2625,3,0,0,0,0,0,0,3,0,2,0,1,0,0,0,0,3
0U5dM000000EvW8SAK,2024-07-15,005dM000004WE3FQAW,Report,1721104867000,5,14,5741,5,0,0,0,0,0,0,14,0,11,1,2,0,0,0,0,14
0U5dM000000F0sbSAC,2024-07-15,005dM000004WE3FQAW,Report Reports,1721104867000,1,2,3719,0,1,0,0,0,0,0,2,0,2,0,0,0,0,0,0,2
0U5dM000000F240SAC,2024-07-15,005dM000004WE3FQAW,unknown unknown,1721104867000,0,6,0,0,0,0,0,0,0,0,6,0,6,0,0,0,0,0,0,6
0U5dM000000F5lJSAS,2024-07-16,005dM000004WE3FQAW,onesetup:setupAlohaPage,1721191184000,3,3,5737,3,0,0,0,0,0,0,3,0,3,0,0,0,0,0,3,0
0U5dM000000F9paSAC,2024-07-16,005dM000004WE3FQAW,unknown unknown,1721191184000,1,2,1511,1,0,0,0,0,0,0,2,0,2,0,0,0,0,0,2,0
0U5dM000000FEfDSAW,2024-07-16,005dM000004WE3FQAW,objectManager:objectList,1721191184000,0,1,0,0,0,0,0,0,0,0,1,0,1,0,0,0,0,0,1,0
0U5dM000000FKyxSAG,2024-07-16,005dM000004WE3FQAW,objectManager:objectDetailPage,1721191184000,2,3,3987,2,0,0,0,0,0,0,3,0,3,0,0,0,0,0,3,0
0U5dM000000FM47SAG,2024-07-16,005dM000004WE3FQAW,onesetup:baseHomePage,1721191184000,2,2,3068,2,0,0,0,0,0,0,2,0,2,0,0,0,0,0,2,0
0U5dM000000FN9mSAG,2024-07-17,005dM000004WE3FQAW,Contact one:recordActionWrapper,1721275133000,1,2,2948,1,0,0,0,0,0,0,2,0,0,2,0,0,0,0,2,0
0U5dM000000FNClSAO,2024-07-17,005dM000004WE3FQAW,Opportunity Record List,1721275133000,1,1,827,1,0,0,0,0,0,0,1,0,0,1,0,0,0,0,1,0
0U5dM000000FOKxSAO,2024-07-17,005dM000004WE3FQAW,unknown unknown,1721275133000,1,6,2874,1,0,0,0,0,0,0,6,0,0,3,3,0,0,3,3,0
0U5dM000000FQMiSAO,2024-07-17,005dM000004WE3FQAW,Report Builder,1721275133000,1,1,2115,1,0,0,0,0,0,0,1,0,0,0,1,0,0,1,0,0
0U5dM000000FR6eSAG,2024-07-17,005dM000004WE3FQAW,Opportunity one:recordActionWrapper,1721275133000,1,2,1359,1,0,0,0,0,0,0,2,0,0,2,0,0,0,0,2,0
0U5dM000000FRrJSAW,2024-07-17,005dM000004WE3FQAW,onesetup:setupAlohaPage,1721275133000,1,1,1901,1,0,0,0,0,0,0,1,0,0,0,0,1,0,0,1,0
0U5dM000000FT7rSAG,2024-07-17,005dM000004WE3FQAW,Contact Record,1721275133000,1,1,1734,1,0,0,0,0,0,0,1,0,0,1,0,0,0,0,1,0
0U5dM000000FUEiSAO,2024-07-17,005dM000004WE3FQAW,Opportunity sfa:inspectionDesktopObjectHome,1721275133000,0,1,0,0,0,0,0,0,0,0,1,0,0,1,0,0,0,0,1,0
0U5dM000000FUb9SAG,2024-07-17,005dM000004WE3FQAW,objectManager:setupAlohaPage,1721275133000,1,1,850,1,0,0,0,0,0,0,1,0,0,0,1,0,0,0,1,0
0U5dM000000FWC7SAO,2024-07-17,005dM000004WE3FQAW,Contact runtime_pipeline_inspector:pipelineInspectorHome,1721275133000,0,4,0,0,0,0,0,0,0,0,4,0,0,4,0,0,0,0,4,0
0U5dM000000FWaNSAW,2024-07-17,005dM000004WE3FQAW,objectManager:objectDetailPage,1721275133000,30,33,29858,30,0,0,0,0,0,0,33,0,4,10,11,8,0,15,14,4
0U5dM000000FXbaSAG,2024-07-17,005dM000004WE3FQAW,onesetup:baseHomePage,1721275133000,6,10,6924,6,0,0,0,0,0,0,10,0,0,7,2,1,0,3,7,0
0U5dM000000FZqpSAG,2024-07-17,005dM000004WE3FQAW,objectManager:objectList,1721275133000,5,7,5577,5,0,0,0,0,0,0,7,0,1,2,3,1,0,3,3,1
0U5dM000000FbJUSA0,2024-07-17,005dM000004WE3FQAW,Report,1721275133000,1,1,2570,1,0,0,0,0,0,0,1,0,0,1,0,0,0,0,1,0
0U5dM000000FdEnSAK,2024-07-17,005dM000004WE3FQAW,Contact sfa:inspectionDesktopObjectHome,1721275133000,0,2,0,0,0,0,0,0,0,0,2,0,0,2,0,0,0,0,2,0
0U5dM000000FghQSAS,2024-07-18,005dM000004WE3FQAW,setup_platform_perms:psaResultPage,1721360839000,1,1,442,1,0,0,0,0,0,0,1,0,1,0,0,0,0,0,1,0
0U5dM000000FhopSAC,2024-07-18,005dM000004WE3FQAW,objectManager:objectList,1721360839000,2,2,2690,2,0,0,0,0,0,0,2,0,0,1,0,1,0,1,1,0
0U5dM000000FjS4SAK,2024-07-18,005dM000004WE3FQAW,unknown unknown,1721360839000,3,5,12155,0,2,1,0,0,0,0,5,0,0,0,2,3,0,4,1,0
0U5dM000000Fm8FSAS,2024-07-18,005dM000004WE3FQAW,setup_platform_perms:userManagementSettings,1721360839000,2,3,2497,2,0,0,0,0,0,0,3,0,3,0,0,0,0,1,2,0
0U5dM000000FnUoSAK,2024-07-18,005dM000004WE3FQAW,PermissionSet setup_platform_perms:manageAssignmentsPage,1721360839000,0,1,0,0,0,0,0,0,0,0,1,0,1,0,0,0,0,0,1,0
0U5dM000000FnrhSAC,2024-07-18,005dM000004WE3FQAW,PermissionSet setup_platform_perms:currentAssignmentsPage,1721360839000,2,2,2982,2,0,0,0,0,0,0,2,0,2,0,0,0,0,0,2,0
0U5dM000000Fo45SAC,2024-07-18,005dM000004WE3FQAW,objectManager:objectDetailPage,1721360839000,9,9,15305,9,0,0,0,0,0,0,9,0,1,5,0,3,0,3,5,1
0U5dM000000Fp8CSAS,2024-07-18,005dM000004WE3FQAW,onesetup:baseHomePage,1721360839000,12,14,18492,11,1,0,0,0,0,0,14,0,7,0,2,5,0,9,5,0
0U5dM000000FrwHSAS,2024-07-18,005dM000004WE3FQAW,onesetup:setupAlohaPage,1721360839000,102,116,218719,86,14,2,0,0,0,0,116,0,49,0,9,58,0,25,87,4
0U5dM000000FutPSAS,2024-07-18,005dM000004WE3FQAW,objectManager:setupAlohaPage,1721360839000,1,1,1302,1,0,0,0,0,0,0,1,0,0,0,0,1,0,1,0,0
0U5dM000000Fw27SAC,2024-07-19,005dM000004WE3FQAW,onesetup:baseHomePage,1721449206000,3,4,4442,3,0,0,0,0,0,0,4,0,0,0,0,4,0,4,0,0
0U5dM000000FyZPSA0,2024-07-19,005dM000004WE3FQAW,unknown unknown,1721449206000,0,2,0,0,0,0,0,0,0,0,2,0,0,0,0,2,0,2,0,0
0U5dM000000G133SAC,2024-07-19,005dM000004WE3FQAW,onesetup:setupAlohaPage,1721449206000,15,24,44539,9,4,2,0,0,0,0,24,0,0,0,0,24,0,24,0,0
0U5dM000000G1ODSA0,2024-07-19,005dM000004WE3FQAW,setup_platform_perms:userManagementSettings,1721449206000,1,4,1508,1,0,0,0,0,0,0,4,0,0,0,0,4,0,4,0,0
0U5dM000000GPu6SAG,2024-07-22,005dM000004WE3FQAW,objectManager:objectDetailPage,1721706159000,17,20,18955,17,0,0,0,0,0,0,20,0,3,8,0,9,0,9,8,3
0U5dM000000GRq8SAG,2024-07-22,005dM000004WE3FQAW,objectManager:objectList,1721706159000,3,4,3127,3,0,0,0,0,0,0,4,0,0,2,0,2,0,1,3,0
0U5dM000000GW84SAG,2024-07-22,005dM000004WE3FQAW,onesetup:baseHomePage,1721706159000,5,6,5235,5,0,0,0,0,0,0,6,0,0,1,1,4,0,5,1,0
0U5dM000000Gb8BSAS,2024-07-22,005dM000004WE3FQAW,unknown unknown,1721706159000,0,3,0,0,0,0,0,0,0,0,3,0,0,1,0,2,0,2,1,0
0U5dM000000Ge0hSAC,2024-07-22,005dM000004WE3FQAW,setup_platform_perms:userManagementSettings,1721706159000,1,1,761,1,0,0,0,0,0,0,1,0,0,0,0,1,0,1,0,0
0U5dM000000GeBcSAK,2024-07-22,005dM000004WE3FQAW,onesetup:setupAlohaPage,1721706159000,37,42,30025,37,0,0,0,0,0,0,42,0,0,0,3,39,0,40,2,0
0U5dM000000GfnCSAS,2024-07-22,005dM000004WE3FQAW,objectManager:setupAlohaPage,1721706159000,1,1,888,1,0,0,0,0,0,0,1,0,0,0,0,1,0,1,0,0
0U5dM000000GfvZSAS,2024-07-23,005dM000004WE3FQAW,Report,1721792436000,3,3,4680,3,0,0,0,0,0,0,3,0,0,0,1,2,0,3,0,0
0U5dM000000GgQDSA0,2024-07-23,005dM000004WE3FQAW,Account Record,1721792436000,7,9,15144,6,1,0,0,0,0,0,9,0,0,0,0,9,0,5,4,0
0U5dM000000Gh9oSAC,2024-07-23,005dM000004WE3FQAW,Project__c one:recordActionWrapper,1721792436000,1,2,3023,0,1,0,0,0,0,0,2,0,0,0,0,2,0,2,0,0
0U5dM000000GhzwSAC,2024-07-23,005dM000004WE3FQAW,Dashboards,1721792436000,2,2,940,2,0,0,0,0,0,0,2,0,0,0,1,1,0,1,1,0
0U5dM000000Gi3XSAS,2024-07-23,005dM000004WE3FQAW,Report Report Builder,1721792436000,2,2,5169,2,0,0,0,0,0,0,2,0,0,0,2,0,0,1,1,0
0U5dM000000Gi9DSAS,2024-07-23,005dM000004WE3FQAW,Account sfa:inspectionDesktopObjectHome,1721792436000,0,2,0,0,0,0,0,0,0,0,2,0,0,0,0,2,0,2,0,0
0U5dM000000GjIhSAK,2024-07-23,005dM000004WE3FQAW,objectManager:objectList,1721792436000,9,10,11922,9,0,0,0,0,0,0,10,0,1,0,2,7,0,7,3,0
0U5dM000000Gkw2SAC,2024-07-23,005dM000004WE3FQAW,unknown unknown,1721792436000,1,3,3256,0,1,0,0,0,0,0,3,0,1,0,0,2,0,2,1,0
0U5dM000000GnE6SAK,2024-07-23,005dM000004WE3FQAW,process_home:flowListView,1721792436000,1,2,1890,1,0,0,0,0,0,0,2,0,0,2,0,0,0,0,2,0
0U5dM000000GoTESA0,2024-07-23,005dM000004WE3FQAW,Suggestion__c one:recordActionWrapper,1721792436000,4,8,2679,4,0,0,0,0,0,0,8,0,1,2,2,3,0,0,8,0
0U5dM000000GpF3SAK,2024-07-23,005dM000004WE3FQAW,Projects__r Related Lists,1721792436000,1,1,256,1,0,0,0,0,0,0,1,0,0,0,0,1,0,1,0,0
0U5dM000000GqHLSA0,2024-07-23,005dM000004WE3FQAW,Opportunity Record,1721792436000,1,1,3739,0,1,0,0,0,0,0,1,0,0,0,0,1,0,0,1,0
0U5dM000000Gr1ESAS,2024-07-23,005dM000004WE3FQAW,objectManager:objectDetailPage,1721792436000,41,57,62869,40,1,0,0,0,0,0,57,0,4,6,5,42,0,41,16,0
0U5dM000000GrhZSAS,2024-07-23,005dM000004WE3FQAW,Report Reports,1721792436000,1,3,2297,1,0,0,0,0,0,0,3,0,0,0,2,1,0,2,1,0
0U5dM000000Gs6mSAC,2024-07-23,005dM000004WE3FQAW,onesetup:baseHomePage,1721792436000,8,14,6175,8,0,0,0,0,0,0,14,0,2,1,2,9,0,7,6,1
0U5dM000000Gt45SAC,2024-07-23,005dM000004WE3FQAW,Account Record List,1721792436000,2,5,2770,2,0,0,0,0,0,0,5,0,0,0,0,5,0,4,1,0
0U5dM000000GtEWSA0,2024-07-23,005dM000004WE3FQAW,Suggestion__c Record List,1721792436000,4,14,5386,4,0,0,0,0,0,0,14,0,1,3,4,6,0,0,14,0
0U5dM000000GtJzSAK,2024-07-23,005dM000004WE3FQAW,onesetup:setupAlohaPage,1721792436000,26,43,32362,26,0,0,0,0,0,0,43,0,2,0,4,37,0,34,8,1
0U5dM000000GtNOSA0,2024-07-23,005dM000004WE3FQAW,Report Builder,1721792436000,0,1,0,0,0,0,0,0,0,0,1,0,0,0,1,0,0,1,0,0
0U5dM000000GtgFSAS,2024-07-23,005dM000004WE3FQAW,Suggestion__c Record,1721792436000,1,1,1087,1,0,0,0,0,0,0,1,0,1,0,0,0,0,0,0,1
0U5dM000000GtnrSAC,2024-07-23,005dM000004WE3FQAW,Account one:recordActionWrapper,1721792436000,1,2,2357,1,0,0,0,0,0,0,2,0,0,0,0,2,0,0,2,0
0U5dM000000Gub5SAC,2024-07-23,005dM000004WE3FQAW,Dashboard,1721792436000,5,7,6256,5,0,0,0,0,0,0,7,0,2,0,2,3,0,4,3,0
0U5dM000000GwcySAC,2024-07-23,005dM000004WE3FQAW,objectManager:setupAlohaPage,1721792436000,3,5,3789,3,0,0,0,0,0,0,5,0,0,1,1,3,0,1,4,0
0U5dM000000GwtESAS,2024-07-23,005dM000004WE3FQAW,setupnav:appManager,1721792436000,0,1,0,0,0,0,0,0,0,0,1,0,1,0,0,0,0,0,1,0
0U5dM000000GySqSAK,2024-07-24,005dM000004WE3FQAW,trlhdtips__Install_a_Package Custom Lightning Component,1721879465000,1,1,585,1,0,0,0,0,0,0,1,0,0,0,0,1,0,1,0,0
0U5dM000000Gzt2SAC,2024-07-24,005dM000004WE3FQAW,onesetup:baseHomePage,1721879465000,1,1,940,1,0,0,0,0,0,0,1,0,0,0,0,1,0,1,0,0
0U5dM000000H2U0SAK,2024-07-24,005dM000004WE3FQAW,trlhdtips__Get_Your_Login_Credentials Custom Lightning Component,1721879465000,1,1,516,1,0,0,0,0,0,0,1,0,0,0,0,1,0,1,0,0
0U5dM000000H5V7SAK,2024-07-24,005dM000004WE3FQAW,Dashboard Dashboards,1721879465000,1,1,410,1,0,0,0,0,0,0,1,0,0,0,0,1,0,1,0,0
0U5dM000000H7N9SAK,2024-07-24,005dM000004WE3FQAW,unknown unknown,1721879465000,0,1,0,0,0,0,0,0,0,0,1,0,0,0,0,1,0,1,0,0
0U5dM000000H9VmSAK,2024-07-24,005dM000004WE3FQAW,onesetup:setupAlohaPage,1721879465000,0,1,0,0,0,0,0,0,0,0,1,0,0,0,0,1,0,1,0,0
0U5dM000000HAsySAG,2024-07-24,005dM000004WE3FQAW,Dashboard,1721879465000,1,1,1217,1,0,0,0,0,0,0,1,0,0,0,0,1,0,1,0,0
0U5dM000000HAyVSAW,2024-07-24,005dM000004WE3FQAW,trlhdtips__Welcome Custom Lightning Component,1721879465000,1,2,1150,1,0,0,0,0,0,0,2,0,0,0,0,2,0,2,0,0
0U5dM000000HCODSA4,2024-07-24,005dM000004WE3FQAW,Folder,1721879465000,0,1,0,0,0,0,0,0,0,0,1,0,0,0,0,1,0,1,0,0
0U5dM000000HFSISA4,2024-07-25,005dM000004WE3FQAW,objectManager:objectDetailPage,1721970052000,8,8,12103,8,0,0,0,0,0,0,8,0,0,0,6,2,0,8,0,0
0U5dM000000HM79SAG,2024-07-25,005dM000004WE3FQAW,objectManager:objectList,1721970052000,1,1,779,1,0,0,0,0,0,0,1,0,0,0,1,0,0,1,0,0
0U5dM000000HPnoSAG,2024-07-25,005dM000004WE3FQAW,onesetup:setupAlohaPage,1721970052000,1,1,749,1,0,0,0,0,0,0,1,0,0,0,1,0,0,1,0,0
0U5dM000000HRBjSAO,2024-07-25,005dM000004WE3FQAW,trlhdtips__Welcome Custom Lightning Component,1721970052000,0,1,0,0,0,0,0,0,0,0,1,0,0,0,1,0,0,1,0,0
0U5dM000000HSpnSAG,2024-07-25,005dM000004WE3FQAW,objectManager:setupAlohaPage,1721970052000,1,1,1225,1,0,0,0,0,0,0,1,0,0,0,1,0,0,1,0,0
0U5dM000000I0RzSAK,2024-07-29,005dM000004WE3FQAW,objectManager:objectDetailPage,1722314019000,4,4,7458,4,0,0,0,0,0,0,4,0,0,0,4,0,0,4,0,0
0U5dM000000I2MJSA0,2024-07-29,005dM000004WE3FQAW,objectManager:objectList,1722314019000,1,1,1596,1,0,0,0,0,0,0,1,0,0,0,1,0,0,1,0,0
0U5dM000000I3G6SAK,2024-07-29,005dM000004WE3FQAW,onesetup:baseHomePage,1722314019000,1,1,1607,1,0,0,0,0,0,0,1,0,0,0,1,0,0,1,0,0
0U5dM000000I8B1SAK,2024-07-29,005dM000004WE3FQAW,Home,1722314019000,1,1,3044,0,1,0,0,0,0,0,1,0,0,0,1,0,0,1,0,0
0U5dM000000I8zESAS,2024-07-29,005dM000004WE3FQAW,trlhdtips__Welcome Custom Lightning Component,1722314019000,1,1,850,1,0,0,0,0,0,0,1,0,1,0,0,0,0,1,0,0
0U5dM000000IAuhSAG,2024-07-30,005dM000004WE3FQAW,House__c Record,1722398543000,1,2,1676,1,0,0,0,0,0,0,2,0,0,0,0,2,0,2,0,0
0U5dM000000IIVcSAO,2024-07-30,005dM000004WE3FQAW,setupnav:appManager,1722398543000,1,1,2031,1,0,0,0,0,0,0,1,0,0,0,0,1,0,1,0,0
0U5dM000000IJgVSAW,2024-07-30,005dM000004WE3FQAW,onesetup:baseHomePage,1722398543000,3,6,2514,3,0,0,0,0,0,0,6,0,0,0,0,6,0,6,0,0
0U5dM000000IM5uSAG,2024-07-30,005dM000004WE3FQAW,House__c one:recordActionWrapper,1722398543000,1,1,1143,1,0,0,0,0,0,0,1,0,0,0,0,1,0,1,0,0
0U5dM000000IOFwSAO,2024-07-30,005dM000004WE3FQAW,House__c Record List,1722398543000,5,7,3892,5,0,0,0,0,0,0,7,0,0,0,0,7,0,7,0,0
0U5dM000000IPyVSAW,2024-07-30,005dM000004WE3FQAW,Home,1722398543000,11,11,15099,10,1,0,0,0,0,0,11,0,0,0,2,9,0,11,0,0
0U5dM000000IZM2SAO,2024-07-31,005dM000004WE3FQAW,Account Record List,1722488801000,1,3,1005,1,0,0,0,0,0,0,3,0,0,3,0,0,0,3,0,0
0U5dM000000Ia3LSAS,2024-07-31,005dM000004WE3FQAW,Home,1722488801000,0,3,0,0,0,0,0,0,0,0,3,0,0,1,0,2,0,3,0,0
0U5dM000000IeJvSAK,2024-07-31,005dM000004WE3FQAW,Account sfa:inspectionDesktopObjectHome,1722488801000,0,1,0,0,0,0,0,0,0,0,1,0,0,1,0,0,0,1,0,0
0U5dM000000IfnXSAS,2024-07-31,005dM000004WE3FQAW,Account Record,1722488801000,2,3,5026,1,1,0,0,0,0,0,3,0,1,0,0,2,0,3,0,0
0U5dM000000IpU3SAK,2024-08-01,005dM000004WE3FQAW,Account Record,1722571123000,1,1,1742,1,0,0,0,0,0,0,1,0,0,0,0,1,0,1,0,0
0U5dM000000Ist4SAC,2024-08-01,005dM000004WE3FQAW,Account sfa:inspectionDesktopObjectHome,1722571123000,0,1,0,0,0,0,0,0,0,0,1,0,0,0,0,1,0,1,0,0
0U5dM000000Ivu3SAC,2024-08-01,005dM000004WE3FQAW,Account one:recordActionWrapper,1722571123000,2,2,5237,1,1,0,0,0,0,0,2,0,0,0,0,2,0,2,0,0
0U5dM000000Ix71SAC,2024-08-01,005dM000004WE3FQAW,Account Record List,1722571123000,1,3,577,1,0,0,0,0,0,0,3,0,0,0,0,3,0,3,0,0
0U5dM000000IxpeSAC,2024-08-01,005dM000004WE3FQAW,Home,1722571123000,0,1,0,0,0,0,0,0,0,0,1,0,0,0,0,1,0,1,0,0
0U5dM000000JVHHSA4,2024-08-05,005dM000004WE3FQAW,process_home:flowListView,1722918901000,1,1,1312,1,0,0,0,0,0,0,1,0,0,1,0,0,0,0,1,0
0U5dM000000JYemSAG,2024-08-05,005dM000004WE3FQAW,onesetup:baseHomePage,1722918901000,0,1,0,0,0,0,0,0,0,0,1,0,0,1,0,0,0,0,1,0
0U5dM000000Je55SAC,2024-08-05,005dM000004WE3FQAW,Home,1722918901000,0,1,0,0,0,0,0,0,0,0,1,0,0,0,0,1,0,0,1,0
0U5dM000000K1XJSA0,2024-08-07,005dM000004WE3FQAW,onesetup:setupAlohaPage,1723090045000,2,3,2010,2,0,0,0,0,0,0,3,0,3,0,0,0,0,0,3,0
0U5dM000000K1zqSAC,2024-08-07,005dM000004WE3FQAW,Home,1723090045000,0,1,0,0,0,0,0,0,0,0,1,0,1,0,0,0,0,0,1,0
0U5dM000000K57XSAS,2024-08-07,005dM000004WE3FQAW,onesetup:baseHomePage,1723090045000,1,1,1121,1,0,0,0,0,0,0,1,0,1,0,0,0,0,0,1,0
0U5dM000000KVz1SAG,2024-08-09,005dM000004WE3FQAW,objectManager:objectList,1723263800000,1,1,699,1,0,0,0,0,0,0,1,0,0,0,0,1,0,1,0,0
0U5dM000000KY8ISAW,2024-08-09,005dM000004WE3FQAW,Home,1723263800000,1,1,3612,0,1,0,0,0,0,0,1,0,0,0,0,1,0,1,0,0
0U5dM000000KYWdSAO,2024-08-09,005dM000004WE3FQAW,objectManager:objectDetailPage,1723263800000,5,5,3236,5,0,0,0,0,0,0,5,0,0,0,0,5,0,5,0,0
0U5dM000000KtEQSA0,2024-08-12,005dM000004WE3FQAW,objectManager:objectList,1723522438000,2,3,1758,2,0,0,0,0,0,0,3,0,0,0,0,3,0,3,0,0
0U5dM000000Ku7PSAS,2024-08-12,005dM000004WE3FQAW,onesetup:baseHomePage,1723522438000,1,1,1135,1,0,0,0,0,0,0,1,0,0,0,0,1,0,1,0,0
0U5dM000000Kug0SAC,2024-08-12,005dM000004WE3FQAW,objectManager:objectDetailPage,1723522438000,11,12,13271,11,0,0,0,0,0,0,12,0,0,0,0,12,0,12,0,0
0U5dM000000KxUuSAK,2024-08-12,005dM000004WE3FQAW,Contact runtime_pipeline_inspector:pipelineInspectorHome,1723522438000,0,9,0,0,0,0,0,0,0,0,9,0,0,0,0,9,0,9,0,0
0U5dM000000KyS6SAK,2024-08-12,005dM000004WE3FQAW,Account Record,1723522438000,1,1,2099,1,0,0,0,0,0,0,1,0,0,0,0,1,0,1,0,0
0U5dM000000KyXVSA0,2024-08-12,005dM000004WE3FQAW,Account sfa:inspectionDesktopObjectHome,1723522438000,0,1,0,0,0,0,0,0,0,0,1,0,0,0,0,1,0,1,0,0
0U5dM000000L07QSAS,2024-08-12,005dM000004WE3FQAW,Contact one:recordActionWrapper,1723522438000,2,3,1594,2,0,0,0,0,0,0,3,0,0,0,0,3,0,3,0,0
0U5dM000000L1e4SAC,2024-08-12,005dM000004WE3FQAW,Contact sfa:inspectionDesktopObjectHome,1723522438000,0,4,0,0,0,0,0,0,0,0,4,0,0,0,0,4,0,4,0,0
0U5dM000000L4hTSAS,2024-08-12,005dM000004WE3FQAW,Contact Record,1723522438000,0,3,0,0,0,0,0,0,0,0,3,0,0,0,0,3,0,3,0,0
0U5dM000000L6lPSAS,2024-08-12,005dM000004WE3FQAW,Account Record List,1723522438000,1,1,1538,1,0,0,0,0,0,0,1,0,0,0,0,1,0,1,0,0
0U5dM000000L7VvSAK,2024-08-12,005dM000004WE3FQAW,Home,1723522438000,0,1,0,0,0,0,0,0,0,0,1,0,0,0,0,1,0,1,0,0
0U5dM000000PQrESAW,2024-09-05,005dM000004WE3FQAW,objectManager:objectList,1725687094000,1,1,2262,1,0,0,0,0,0,0,1,0,1,0,0,0,0,0,1,0
0U5dM000000PaILSA0,2024-09-06,005dM000004WE3FQAW,onesetup:baseHomePage,1725687323000,4,4,3430,4,0,0,0,0,0,0,4,0,0,0,1,3,0,4,0,0
0U5dM000000PbiHSAS,2024-09-06,005dM000004WE3FQAW,objectManager:objectList,1725687323000,1,1,830,1,0,0,0,0,0,0,1,0,0,0,0,1,0,1,0,0
0U5dM000000Pci2SAC,2024-09-06,005dM000004WE3FQAW,Lightning Page,1725687323000,3,3,2779,3,0,0,0,0,0,0,3,0,0,0,0,3,0,3,0,0
0U5dM000000Pi0fSAC,2024-09-06,005dM000004WE3FQAW,onesetup:setupAlohaPage,1725687323000,6,6,6307,5,1,0,0,0,0,0,6,0,0,0,4,2,0,6,0,0
0U5dM000000Pu50SAC,2024-09-09,005dM000004WE3FQAW,onesetup:setupAlohaPage,1725940565000,2,2,1073,2,0,0,0,0,0,0,2,0,0,0,0,2,0,2,0,0
0U5dM000000PuIRSA0,2024-09-09,005dM000004WE3FQAW,Home,1725940565000,0,1,0,0,0,0,0,0,0,0,1,0,0,0,0,1,0,1,0,0
0U5dM000000PvF1SAK,2024-09-09,005dM000004WE3FQAW,objectManager:objectDetailPage,1725940565000,48,50,52128,45,3,0,0,0,0,0,50,0,0,0,14,36,0,50,0,0
0U5dM000000PwMoSAK,2024-09-09,005dM000004WE3FQAW,onesetup:baseHomePage,1725940565000,1,1,1019,1,0,0,0,0,0,0,1,0,0,0,0,1,0,1,0,0
0U5dM000000PyMPSA0,2024-09-09,005dM000004WE3FQAW,Project__c Record,1725940565000,4,4,7795,4,0,0,0,0,0,0,4,0,0,0,3,1,0,4,0,0
0U5dM000000PyQOSA0,2024-09-09,005dM000004WE3FQAW,objectManager:objectList,1725940565000,7,7,6947,7,0,0,0,0,0,0,7,0,0,0,2,5,0,7,0,0
0U5dM000000Q430SAC,2024-09-09,005dM000004WE3FQAW,objectManager:setupAlohaPage,1725940565000,1,1,536,1,0,0,0,0,0,0,1,0,0,0,0,1,0,1,0,0
0U5dM000000Q4nSSAS,2024-09-09,005dM000004WE3FQAW,Lightning Page,1725940565000,1,1,1454,1,0,0,0,0,0,0,1,0,0,0,0,1,0,1,0,0
0U5dM000000Q59RSAS,2024-09-10,005dM000004WE3FQAW,objectManager:objectDetailPage,1726026735000,20,21,8600,20,0,0,0,0,0,0,21,0,1,0,0,20,0,21,0,0
0U5dM000000Q63rSAC,2024-09-10,005dM000004WE3FQAW,onesetup:baseHomePage,1726026735000,1,1,944,1,0,0,0,0,0,0,1,0,0,0,0,1,0,1,0,0
0U5dM000000QBH9SAO,2024-09-10,005dM000004WE3FQAW,objectManager:objectList,1726026735000,11,11,7027,11,0,0,0,0,0,0,11,0,0,0,0,11,0,11,0,0
0U5dM000000QJd9SAG,2024-09-11,005dM000004WE3FQAW,objectManager:objectDetailPage,1726114011000,6,6,2137,6,0,0,0,0,0,0,6,0,0,0,0,6,0,6,0,0
0U5dM000000QKpZSAW,2024-09-11,005dM000004WE3FQAW,objectManager:objectList,1726114011000,5,5,2808,5,0,0,0,0,0,0,5,0,0,0,1,4,0,5,0,0
0U5dM000000QZ2tSAG,2024-09-12,005dM000004WE3FQAW,onesetup:baseHomePage,1726201158000,1,2,1641,1,0,0,0,0,0,2,0,0,0,0,0,2,0,0,2,0
0U5dM000000QZ60SAG,2024-09-12,005dM000004WE3FQAW,Case Record List,1726201158000,1,2,1710,1,0,0,0,0,0,2,0,0,0,0,0,2,0,0,2,0
0U5dM000000QdCsSAK,2024-09-12,005dM000004WE3FQAW,objectManager:objectList,1726201158000,0,3,0,0,0,0,0,0,0,0,3,0,0,0,0,3,0,3,0,0
0U5dM000000QfM4SAK,2024-09-13,005dM000004WE3FQAW,objectManager:objectList,1726291061000,6,6,3564,6,0,0,0,0,0,0,6,0,0,2,0,4,0,6,0,0
0U5dM000000QhW3SAK,2024-09-13,005dM000004WE3FQAW,objectManager:objectDetailPage,1726291061000,10,11,6434,10,0,0,0,0,0,0,11,0,0,3,0,8,0,11,0,0
