Id,OwnerId,IsDeleted,CreatedDate,CreatedById,LastModifiedDate,LastModifiedById,SystemModstamp,ParentId,AccessType
0W5dM000001zNojSAE,005dM000004WE3FQAW,False,1720590630000,005dM000004WE3FQAW,1720590630000,005dM000004WE3FQAW,1720590630000,0W1dM000001zL6zSAE,Give
0W5dM000001zNokSAE,005dM000004WE3FQAW,False,1720590630000,005dM000004WE3FQAW,1720590630000,005dM000004WE3FQAW,1720590630000,0W1dM000001zL70SAE,Give
0W5dM000001zNolSAE,005dM000004WE3FQAW,False,1720590630000,005dM000004WE3FQAW,1720590630000,005dM000004WE3FQAW,1720590630000,0W1dM000001zL71SAE,Give
0W5dM000001zNomSAE,005dM000004WE3FQAW,False,1720590630000,005dM000004WE3FQAW,1720590630000,005dM000004WE3FQAW,1720590630000,0W1dM000001zL72SAE,Give
0W5dM000001zNonSAE,005dM000004WE3FQAW,False,1720590630000,005dM000004WE3FQAW,1720590630000,005dM000004WE3FQAW,1720590630000,0W1dM000001zL73SAE,Give
0W5dM000001zNooSAE,005dM000004WE3FQAW,False,1720590630000,005dM000004WE3FQAW,1720590630000,005dM000004WE3FQAW,1720590630000,0W1dM000001zL74SAE,Give
0W5dM000001zNopSAE,005dM000004WE3FQAW,False,1720590630000,005dM000004WE3FQAW,1720590630000,005dM000004WE3FQAW,1720590630000,0W1dM000001zL75SAE,Give
0W5dM000001zNoqSAE,005dM000004WE3FQAW,False,1720590630000,005dM000004WE3FQAW,1720590630000,005dM000004WE3FQAW,1720590630000,0W1dM000001zL76SAE,Give
0W5dM000001zNorSAE,005dM000004WE3FQAW,False,1720590630000,005dM000004WE3FQAW,1720590630000,005dM000004WE3FQAW,1720590630000,0W1dM000001zL77SAE,Give
0W5dM000001zNosSAE,005dM000004WE3FQAW,False,1720590630000,005dM000004WE3FQAW,1720590630000,005dM000004WE3FQAW,1720590630000,0W1dM000001zL78SAE,Give
0W5dM000001zNotSAE,005dM000004WE3FQAW,False,1720590630000,005dM000004WE3FQAW,1720590630000,005dM000004WE3FQAW,1720590630000,0W1dM000001zL79SAE,Give
0W5dM000001zNouSAE,005dM000004WE3FQAW,False,1720590630000,005dM000004WE3FQAW,1720590630000,005dM000004WE3FQAW,1720590630000,0W1dM000001zL7ASAU,Give
